{
  "sub-025_task-med2": {
    "eeg": 0.00032232458170949646
  },
  "sub-025_task-think2": {
    "eeg": 0.00034681506121156305
  },
  "sub-026_task-med2": {
    "eeg": 0.00023654605903247403
  },
  "sub-026_task-think2": {
    "eeg": 0.0002695477204921546
  },
  "sub-027_task-med2": {
    "eeg": 0.0005151860775507535
  },
  "sub-027_task-think2": {
    "eeg": 0.0006909154635692233
  },
  "sub-028_task-med2": {
    "eeg": 0.00036809654787974856
  },
  "sub-028_task-think2": {
    "eeg": 0.0003403549030337076
  },
  "sub-029_task-med2": {
    "eeg": 0.0011415725011335739
  },
  "sub-029_task-think2": {
    "eeg": 0.0007435111842499925
  },
  "sub-030_task-med2": {
    "eeg": 0.0005325906492081572
  },
  "sub-030_task-think2": {
    "eeg": 0.0003265506607086947
  },
  "sub-031_task-med2": {
    "eeg": 0.00034464414115803997
  },
  "sub-031_task-think2": {
    "eeg": 0.0006713203815092899
  },
  "sub-032_task-med2": {
    "eeg": 0.00031844075589764517
  },
  "sub-032_task-think2": {
    "eeg": 0.00028183582812070225
  },
  "sub-033_task-med2": {
    "eeg": 0.00029294235580994924
  },
  "sub-033_task-think2": {
    "eeg": 0.0006405439458243315
  },
  "sub-034_task-med2": {
    "eeg": 0.0008350053108188427
  },
  "sub-034_task-think2": {
    "eeg": 0.0005332631741380694
  },
  "sub-035_task-med2": {
    "eeg": 0.0003348602186669888
  },
  "sub-035_task-think2": {
    "eeg": 0.00044560806623714956
  },
  "sub-036_task-med2": {
    "eeg": 0.0006431758996806411
  },
  "sub-036_task-think2": {
    "eeg": 0.000301411229676543
  },
  "sub-037_task-med2": {
    "eeg": 0.0003503687816139604
  },
  "sub-037_task-think2": {
    "eeg": 0.00026422766449219707
  },
  "sub-038_task-med2": {
    "eeg": 0.00040533206943196734
  },
  "sub-038_task-think2": {
    "eeg": 0.000536180222744416
  },
  "sub-039_task-med2": {
    "eeg": 0.00039720520106324925
  },
  "sub-039_task-think2": {
    "eeg": 0.00029729514385308953
  },
  "sub-040_task-med2": {
    "eeg": 0.0008108552959347516
  },
  "sub-040_task-think2": {
    "eeg": 0.00038085248793634724
  },
  "sub-041_task-med2": {
    "eeg": 0.0003847404990636053
  },
  "sub-041_task-think2": {
    "eeg": 0.000423563951146485
  },
  "sub-042_task-med2": {
    "eeg": 0.0011272593392149645
  },
  "sub-042_task-think2": {
    "eeg": 0.00045853917190045654
  },
  "sub-043_task-med2": {
    "eeg": 0.00016390378014668376
  },
  "sub-043_task-think2": {
    "eeg": 0.00019659281085185727
  },
  "sub-044_task-med2": {
    "eeg": 0.0007960824547364202
  },
  "sub-044_task-think2": {
    "eeg": 0.00040419982407916997
  },
  "sub-045_task-med2": {
    "eeg": 0.00037487728394327516
  },
  "sub-045_task-think2": {
    "eeg": 0.0027868566618245386
  },
  "sub-046_task-med2": {
    "eeg": 0.0005902863199211562
  },
  "sub-046_task-think2": {
    "eeg": 0.0012744842650264862
  },
  "sub-047_task-med2": {
    "eeg": 0.00045203054556650427
  },
  "sub-047_task-think2": {
    "eeg": 0.0004529348829887588
  },
  "sub-048_task-med2": {
    "eeg": 0.0008714983906045509
  },
  "sub-048_task-think2": {
    "eeg": 0.0004335191716933562
  },
  "sub-049_task-med2": {
    "eeg": 0.00045854055019748654
  },
  "sub-049_task-think2": {
    "eeg": 0.0005347186019295827
  },
  "sub-050_task-med2": {
    "eeg": 0.0007214446616913804
  },
  "sub-050_task-think2": {
    "eeg": 0.0006372226318534348
  },
  "sub-051_task-med2": {
    "eeg": 0.0008532779529823087
  },
  "sub-051_task-think2": {
    "eeg": 0.0012455050887508012
  },
  "sub-052_task-med2": {
    "eeg": 0.0004817602730658914
  },
  "sub-052_task-think2": {
    "eeg": 0.0006493297609078972
  },
  "sub-053_task-med2": {
    "eeg": 0.0008633809644547608
  },
  "sub-053_task-think2": {
    "eeg": 0.0007336851804447685
  },
  "sub-054_task-med2": {
    "eeg": 0.00045258353164968543
  },
  "sub-054_task-think2": {
    "eeg": 0.0010096931888718113
  },
  "sub-055_task-med2": {
    "eeg": 0.000480398272924675
  },
  "sub-055_task-think2": {
    "eeg": 0.000368564143588535
  },
  "sub-060_task-med2": {
    "eeg": 0.000930797231849745
  },
  "sub-060_task-think2": {
    "eeg": 0.00039215222926727595
  },
  "sub-061_task-med2": {
    "eeg": 0.0003540327128310275
  },
  "sub-061_task-think2": {
    "eeg": 0.001133118123276316
  },
  "sub-062_task-med2": {
    "eeg": 0.0003548497141932106
  },
  "sub-062_task-think2": {
    "eeg": 0.0016048746852717712
  },
  "sub-063_task-med2": {
    "eeg": 0.00031773570295044024
  },
  "sub-063_task-think2": {
    "eeg": 0.000528669301197696
  },
  "sub-064_task-med2": {
    "eeg": 0.000747637965893647
  },
  "sub-064_task-think2": {
    "eeg": 0.0006285504265137337
  },
  "sub-065_task-med2": {
    "eeg": 0.0002407000727620975
  },
  "sub-065_task-think2": {
    "eeg": 0.0005530532603836702
  },
  "sub-066_task-med2": {
    "eeg": 0.00028956676628064354
  },
  "sub-066_task-think2": {
    "eeg": 0.0006854086716764933
  },
  "sub-067_task-med2": {
    "eeg": 0.00026222259917017213
  },
  "sub-067_task-think2": {
    "eeg": 0.00031063069962160555
  },
  "sub-068_task-med2": {
    "eeg": 0.00062965119751213
  },
  "sub-068_task-think2": {
    "eeg": 0.00034964303736559604
  },
  "sub-069_task-med2": {
    "eeg": 0.0005379181820530919
  },
  "sub-069_task-think2": {
    "eeg": 0.0006999241924880841
  },
  "sub-070_task-med2": {
    "eeg": 0.00028814833494222435
  },
  "sub-070_task-think2": {
    "eeg": 0.0010950077544542762
  },
  "sub-071_task-med2": {
    "eeg": 0.0003731832749803059
  },
  "sub-071_task-think2": {
    "eeg": 0.00040453812089951986
  },
  "sub-072_task-med2": {
    "eeg": 0.00022014650843063413
  },
  "sub-072_task-think2": {
    "eeg": 0.0001609210139485821
  },
  "sub-073_task-med2": {
    "eeg": 0.0006445084602842571
  },
  "sub-073_task-think2": {
    "eeg": 0.0006381223108191574
  },
  "sub-074_task-med2": {
    "eeg": 0.0009932750967407645
  },
  "sub-074_task-think2": {
    "eeg": 0.0003289375725232524
  },
  "sub-075_task-med2": {
    "eeg": 0.0003350451462542641
  },
  "sub-075_task-think2": {
    "eeg": 0.000757981664204737
  },
  "sub-076_task-med2": {
    "eeg": 0.0004214781613351131
  },
  "sub-076_task-think2": {
    "eeg": 0.0008455841970308482
  },
  "sub-077_task-med2": {
    "eeg": 0.000654886844489078
  },
  "sub-077_task-think2": {
    "eeg": 0.0003366027488586154
  },
  "sub-078_task-med2": {
    "eeg": 0.0005495602776218257
  },
  "sub-078_task-think2": {
    "eeg": 0.0003396843281664935
  }
}