{
  "sub-025_task-med2": {
    "eeg": 0.0002743279845800145
  },
  "sub-025_task-think2": {
    "eeg": 0.0003507395454393851
  },
  "sub-026_task-med2": {
    "eeg": 0.00018641810654730832
  },
  "sub-026_task-think2": {
    "eeg": 0.00020663299193316364
  },
  "sub-027_task-med2": {
    "eeg": 0.0004893911505167163
  },
  "sub-027_task-think2": {
    "eeg": 0.00018872024491835594
  },
  "sub-028_task-med2": {
    "eeg": 0.0006755196364951505
  },
  "sub-028_task-think2": {
    "eeg": 0.00028610271454678827
  },
  "sub-029_task-med2": {
    "eeg": 0.001079078679130525
  },
  "sub-029_task-think2": {
    "eeg": 0.00026541758660904
  },
  "sub-030_task-med2": {
    "eeg": 0.0003934503761351434
  },
  "sub-030_task-think2": {
    "eeg": 0.0003017478182420642
  },
  "sub-031_task-med2": {
    "eeg": 0.0002658509107063561
  },
  "sub-031_task-think2": {
    "eeg": 0.0004908579400220048
  },
  "sub-032_task-med2": {
    "eeg": 0.0005070187798994629
  },
  "sub-032_task-think2": {
    "eeg": 0.00017220901508492294
  },
  "sub-033_task-med2": {
    "eeg": 0.0002558945148998906
  },
  "sub-033_task-think2": {
    "eeg": 0.0006404436157545006
  },
  "sub-034_task-med2": {
    "eeg": 0.0008042712640139138
  },
  "sub-034_task-think2": {
    "eeg": 0.0004649655653005482
  },
  "sub-035_task-med2": {
    "eeg": 0.00020765902716091556
  },
  "sub-035_task-think2": {
    "eeg": 0.0003685503560722853
  },
  "sub-036_task-med2": {
    "eeg": 0.0004208038387293636
  },
  "sub-036_task-think2": {
    "eeg": 0.0003984009826355357
  },
  "sub-037_task-med2": {
    "eeg": 0.0002782812124008275
  },
  "sub-037_task-think2": {
    "eeg": 0.00026099706228744507
  },
  "sub-038_task-med2": {
    "eeg": 0.0002972947581139902
  },
  "sub-038_task-think2": {
    "eeg": 0.00041212882827696426
  },
  "sub-039_task-med2": {
    "eeg": 0.00024663779653419604
  },
  "sub-039_task-think2": {
    "eeg": 0.0002436821542517555
  },
  "sub-040_task-med2": {
    "eeg": 0.0002934008478018118
  },
  "sub-040_task-think2": {
    "eeg": 0.00036857878885058267
  },
  "sub-041_task-med2": {
    "eeg": 0.00013259960008943876
  },
  "sub-041_task-think2": {
    "eeg": 0.00015554047178623407
  },
  "sub-042_task-med2": {
    "eeg": 0.00037168961069452053
  },
  "sub-042_task-think2": {
    "eeg": 0.0004473626292388678
  },
  "sub-043_task-med2": {
    "eeg": 0.00018189286351336244
  },
  "sub-043_task-think2": {
    "eeg": 0.00010351556071995342
  },
  "sub-044_task-med2": {
    "eeg": 0.00018255778386503795
  },
  "sub-044_task-think2": {
    "eeg": 0.00010219046803527591
  },
  "sub-045_task-med2": {
    "eeg": 0.0003749478658997075
  },
  "sub-045_task-think2": {
    "eeg": 0.002786928853507245
  },
  "sub-046_task-med2": {
    "eeg": 0.00022028413573198095
  },
  "sub-046_task-think2": {
    "eeg": 0.00036602796886690635
  },
  "sub-047_task-med2": {
    "eeg": 0.0004393951541028381
  },
  "sub-047_task-think2": {
    "eeg": 0.00020536146598149998
  },
  "sub-048_task-med2": {
    "eeg": 0.0001697777913523017
  },
  "sub-048_task-think2": {
    "eeg": 0.00044273683902020054
  },
  "sub-049_task-med2": {
    "eeg": 0.00020182929533670244
  },
  "sub-049_task-think2": {
    "eeg": 0.0002460620961039505
  },
  "sub-050_task-med2": {
    "eeg": 0.002988755126570424
  },
  "sub-050_task-think2": {
    "eeg": 0.0008664292689889814
  },
  "sub-051_task-med2": {
    "eeg": 0.0009438607997336798
  },
  "sub-051_task-think2": {
    "eeg": 0.0008081028023622548
  },
  "sub-052_task-med2": {
    "eeg": 0.0004983495191553237
  },
  "sub-052_task-think2": {
    "eeg": 0.0002251048036903855
  },
  "sub-053_task-med2": {
    "eeg": 0.00016175315090055902
  },
  "sub-053_task-think2": {
    "eeg": 0.000847418061736181
  },
  "sub-054_task-med2": {
    "eeg": 0.0007801648812673351
  },
  "sub-054_task-think2": {
    "eeg": 0.0002723631700012636
  },
  "sub-055_task-med2": {
    "eeg": 0.00039057513691750174
  },
  "sub-055_task-think2": {
    "eeg": 0.0001689453936348839
  },
  "sub-060_task-med2": {
    "eeg": 0.00022374959878388803
  },
  "sub-060_task-think2": {
    "eeg": 0.0009101320224194901
  },
  "sub-061_task-med2": {
    "eeg": 0.0003325444911579296
  },
  "sub-061_task-think2": {
    "eeg": 0.00047462844259885866
  },
  "sub-062_task-med2": {
    "eeg": 0.0003138862819891485
  },
  "sub-062_task-think2": {
    "eeg": 0.0016047696111603257
  },
  "sub-063_task-med2": {
    "eeg": 0.0006765386052631896
  },
  "sub-063_task-think2": {
    "eeg": 0.0003999925852880202
  },
  "sub-064_task-med2": {
    "eeg": 0.0008130931626411975
  },
  "sub-064_task-think2": {
    "eeg": 0.001140305232381208
  },
  "sub-065_task-med2": {
    "eeg": 0.00021490093044220212
  },
  "sub-065_task-think2": {
    "eeg": 0.0005519762810064436
  },
  "sub-066_task-med2": {
    "eeg": 0.00022521204547480182
  },
  "sub-066_task-think2": {
    "eeg": 0.000989608800730538
  },
  "sub-067_task-med2": {
    "eeg": 0.0001585539025980477
  },
  "sub-067_task-think2": {
    "eeg": 0.00022390187450309332
  },
  "sub-068_task-med2": {
    "eeg": 0.00027453465781604436
  },
  "sub-068_task-think2": {
    "eeg": 0.00010016887026666809
  },
  "sub-069_task-med2": {
    "eeg": 0.0005345775580653095
  },
  "sub-069_task-think2": {
    "eeg": 0.00029509662585526454
  },
  "sub-070_task-med2": {
    "eeg": 0.0003181710994493896
  },
  "sub-070_task-think2": {
    "eeg": 0.0003208351371969332
  },
  "sub-071_task-med2": {
    "eeg": 0.0003277039008375421
  },
  "sub-071_task-think2": {
    "eeg": 0.0003256287745115051
  },
  "sub-072_task-med2": {
    "eeg": 0.00020262241861837506
  },
  "sub-072_task-think2": {
    "eeg": 0.00018833512122620632
  },
  "sub-073_task-med2": {
    "eeg": 0.00019190651385553957
  },
  "sub-073_task-think2": {
    "eeg": 0.00023336348168233158
  },
  "sub-074_task-med2": {
    "eeg": 0.00085243705694598
  },
  "sub-074_task-think2": {
    "eeg": 0.0007791667394878691
  },
  "sub-075_task-med2": {
    "eeg": 0.0009936330968071203
  },
  "sub-075_task-think2": {
    "eeg": 0.0002802524030398677
  },
  "sub-076_task-med2": {
    "eeg": 0.0002516971893328572
  },
  "sub-076_task-think2": {
    "eeg": 0.0001630829673692022
  },
  "sub-077_task-med2": {
    "eeg": 0.0004952754479807367
  },
  "sub-077_task-think2": {
    "eeg": 0.0003066534483030131
  },
  "sub-078_task-med2": {
    "eeg": 0.0005488496010230433
  },
  "sub-078_task-think2": {
    "eeg": 0.00025951251605489147
  }
}