{
  "sub-01_run-2": {
    "eeg": 0.0003360050656778925
  },
  "sub-02_run-2": {
    "eeg": 0.0001844371517485718
  },
  "sub-03_run-2": {
    "eeg": 0.00031782185041599785
  },
  "sub-04_run-2": {
    "eeg": 0.0001901959061086254
  },
  "sub-05_run-2": {
    "eeg": 0.0005859057503719046
  },
  "sub-06_run-2": {
    "eeg": 0.00030689769871896267
  },
  "sub-07_run-2": {
    "eeg": 0.00019056567076550322
  },
  "sub-08_run-2": {
    "eeg": 0.0005237053804852299
  },
  "sub-09_run-2": {
    "eeg": 0.00021155650207396043
  },
  "sub-11_run-2": {
    "eeg": 0.00037754581304577607
  },
  "sub-12_run-2": {
    "eeg": 0.00018122915242047553
  },
  "sub-13_run-2": {
    "eeg": 0.0003105554460152383
  },
  "sub-14_run-2": {
    "eeg": 0.0004126185016422477
  },
  "sub-15_run-2": {
    "eeg": 0.00021469544778429986
  },
  "sub-16_run-2": {
    "eeg": 0.00020146140289916065
  },
  "sub-17_run-2": {
    "eeg": 0.0003889984703738755
  },
  "sub-18_run-2": {
    "eeg": 0.0001903289339557539
  },
  "sub-19_run-2": {
    "eeg": 0.00023627963207911186
  },
  "sub-20_run-2": {
    "eeg": 0.00024903376068335426
  },
  "sub-21_run-2": {
    "eeg": 0.000367430691000744
  }
}