{
  "sub-01_run-2": {
    "eeg": 0.0003
  },
  "sub-02_run-2": {
    "eeg": 0.0003
  },
  "sub-03_run-2": {
    "eeg": 0.00032693309193229723
  },
  "sub-04_run-2": {
    "eeg": 0.0003661537004355994
  },
  "sub-05_run-2": {
    "eeg": 0.0003789474130666907
  },
  "sub-06_run-2": {
    "eeg": 0.0004317595645930601
  },
  "sub-07_run-2": {
    "eeg": 0.0003
  },
  "sub-08_run-2": {
    "eeg": 0.00031500033476649096
  },
  "sub-09_run-2": {
    "eeg": 0.0003
  },
  "sub-11_run-2": {
    "eeg": 0.0003
  },
  "sub-12_run-2": {
    "eeg": 0.0003
  },
  "sub-13_run-2": {
    "eeg": 0.0003
  },
  "sub-14_run-2": {
    "eeg": 0.0003909555985368849
  },
  "sub-15_run-2": {
    "eeg": 0.0003
  },
  "sub-16_run-2": {
    "eeg": 0.0003
  },
  "sub-17_run-2": {
    "eeg": 0.0004449618261007558
  },
  "sub-18_run-2": {
    "eeg": 0.0004245827892467535
  },
  "sub-19_run-2": {
    "eeg": 0.0003997562740397165
  },
  "sub-20_run-2": {
    "eeg": 0.0003
  },
  "sub-21_run-2": {
    "eeg": 0.00033072693491023825
  }
}