{
  "sub-1_ses-1": {
    "eeg": 0.00021548190967258369
  },
  "sub-1_ses-2": {
    "eeg": 0.0004931128725837114
  },
  "sub-2_ses-1": {
    "eeg": 0.0004040564804862071
  },
  "sub-2_ses-2": {
    "eeg": 0.0008340595248423248
  },
  "sub-3_ses-1": {
    "eeg": 0.00019214221431404326
  },
  "sub-4_ses-1": {
    "eeg": 0.0005338701826964609
  },
  "sub-4_ses-2": {
    "eeg": 0.0002996037089425625
  },
  "sub-5_ses-1": {
    "eeg": 0.00034105965996285206
  },
  "sub-5_ses-2": {
    "eeg": 0.0003324402856886258
  },
  "sub-6_ses-1": {
    "eeg": 0.0002832832976603049
  },
  "sub-6_ses-2": {
    "eeg": 0.00015877941598631425
  },
  "sub-7_ses-1": {
    "eeg": 0.00036852824613482554
  },
  "sub-7_ses-2": {
    "eeg": 0.00018399851693880025
  },
  "sub-8_ses-1": {
    "eeg": 0.0006193393220659408
  },
  "sub-8_ses-2": {
    "eeg": 0.00048740982928211895
  },
  "sub-9_ses-1": {
    "eeg": 0.00039338830091634083
  },
  "sub-9_ses-2": {
    "eeg": 0.00026840648566811565
  },
  "sub-10_ses-1": {
    "eeg": 0.000291695293931404
  },
  "sub-10_ses-2": {
    "eeg": 0.0005377896371647039
  },
  "sub-11_ses-1": {
    "eeg": 0.00017971699341320555
  },
  "sub-11_ses-2": {
    "eeg": 0.0009229777418768115
  },
  "sub-12_ses-1": {
    "eeg": 0.0004224800947015585
  },
  "sub-12_ses-2": {
    "eeg": 0.00038537796804452356
  },
  "sub-13_ses-1": {
    "eeg": 0.0006111992120850546
  },
  "sub-13_ses-2": {
    "eeg": 0.00015943899498576568
  },
  "sub-14_ses-1": {
    "eeg": 0.0007229633246452234
  },
  "sub-14_ses-2": {
    "eeg": 0.00025549673666977186
  },
  "sub-15_ses-1": {
    "eeg": 0.0002707793464007159
  },
  "sub-15_ses-2": {
    "eeg": 0.0002590961555574145
  },
  "sub-16_ses-1": {
    "eeg": 0.0003645725114681791
  },
  "sub-16_ses-2": {
    "eeg": 0.000482830497373697
  },
  "sub-17_ses-2": {
    "eeg": 0.0015666732038682523
  },
  "sub-18_ses-1": {
    "eeg": 0.00038867105355622645
  },
  "sub-18_ses-2": {
    "eeg": 0.00023749572419217487
  },
  "sub-19_ses-1": {
    "eeg": 0.0003915735996644163
  },
  "sub-19_ses-2": {
    "eeg": 0.00045128014930438274
  },
  "sub-20_ses-1": {
    "eeg": 0.0005828823414629049
  },
  "sub-20_ses-2": {
    "eeg": 0.0005816411049685464
  },
  "sub-21_ses-1": {
    "eeg": 0.0006337230479158504
  },
  "sub-21_ses-2": {
    "eeg": 0.0008313675457149333
  },
  "sub-22_ses-1": {
    "eeg": 0.00036155714306546224
  },
  "sub-22_ses-2": {
    "eeg": 0.0008318727126969285
  },
  "sub-23_ses-1": {
    "eeg": 0.0005001547813815955
  },
  "sub-23_ses-2": {
    "eeg": 0.0007076750891477019
  },
  "sub-24_ses-1": {
    "eeg": 0.0002096139685004055
  },
  "sub-24_ses-2": {
    "eeg": 0.00016772773572208948
  },
  "sub-25_ses-1": {
    "eeg": 0.0006200086027804579
  },
  "sub-25_ses-2": {
    "eeg": 0.00036786734292851894
  },
  "sub-26_ses-1": {
    "eeg": 0.000941223077097037
  },
  "sub-26_ses-2": {
    "eeg": 0.0003480255912006573
  },
  "sub-27_ses-1": {
    "eeg": 0.0006741182918039426
  },
  "sub-27_ses-2": {
    "eeg": 0.0011471067942001314
  },
  "sub-28_ses-1": {
    "eeg": 0.0004951402640329376
  },
  "sub-28_ses-2": {
    "eeg": 0.00041853858450886035
  },
  "sub-29_ses-1": {
    "eeg": 0.0046148812159201935
  },
  "sub-29_ses-2": {
    "eeg": 0.0004394540163219977
  },
  "sub-30_ses-1": {
    "eeg": 0.0008233984707522266
  },
  "sub-30_ses-2": {
    "eeg": 0.00020209630949880823
  }
}