{
  "sub-1_ses-1": {
    "eeg": 0.0003
  },
  "sub-1_ses-2": {
    "eeg": 0.0003
  },
  "sub-2_ses-1": {
    "eeg": 0.0003
  },
  "sub-2_ses-2": {
    "eeg": 0.0003
  },
  "sub-3_ses-1": {
    "eeg": 0.0003
  },
  "sub-4_ses-1": {
    "eeg": 0.0004623218035333156
  },
  "sub-4_ses-2": {
    "eeg": 0.0003126664459473581
  },
  "sub-5_ses-1": {
    "eeg": 0.0003
  },
  "sub-5_ses-2": {
    "eeg": 0.0003
  },
  "sub-6_ses-1": {
    "eeg": 0.0003
  },
  "sub-6_ses-2": {
    "eeg": 0.0003
  },
  "sub-7_ses-1": {
    "eeg": 0.0003
  },
  "sub-7_ses-2": {
    "eeg": 0.0003
  },
  "sub-8_ses-1": {
    "eeg": 0.0003
  },
  "sub-8_ses-2": {
    "eeg": 0.0003
  },
  "sub-9_ses-1": {
    "eeg": 0.0003
  },
  "sub-9_ses-2": {
    "eeg": 0.0003
  },
  "sub-10_ses-1": {
    "eeg": 0.0003
  },
  "sub-10_ses-2": {
    "eeg": 0.0003
  },
  "sub-11_ses-1": {
    "eeg": 0.0003
  },
  "sub-11_ses-2": {
    "eeg": 0.0003
  },
  "sub-12_ses-1": {
    "eeg": 0.0003
  },
  "sub-12_ses-2": {
    "eeg": 0.002798401657182958
  },
  "sub-13_ses-1": {
    "eeg": 0.0003
  },
  "sub-13_ses-2": {
    "eeg": 0.0003
  },
  "sub-14_ses-1": {
    "eeg": 0.0003
  },
  "sub-14_ses-2": {
    "eeg": 0.0003
  },
  "sub-15_ses-1": {
    "eeg": 0.0003
  },
  "sub-15_ses-2": {
    "eeg": 0.0003
  },
  "sub-16_ses-1": {
    "eeg": 0.0003
  },
  "sub-16_ses-2": {
    "eeg": 0.0003
  },
  "sub-17_ses-2": {
    "eeg": 0.00034810696545241446
  },
  "sub-18_ses-1": {
    "eeg": 0.0003
  },
  "sub-18_ses-2": {
    "eeg": 0.0003
  },
  "sub-19_ses-1": {
    "eeg": 0.0003024653154352066
  },
  "sub-19_ses-2": {
    "eeg": 0.0003087296612672347
  },
  "sub-20_ses-1": {
    "eeg": 0.0003
  },
  "sub-20_ses-2": {
    "eeg": 0.0003155992216697249
  },
  "sub-21_ses-1": {
    "eeg": 0.0003
  },
  "sub-21_ses-2": {
    "eeg": 0.0003
  },
  "sub-22_ses-1": {
    "eeg": 0.0003
  },
  "sub-22_ses-2": {
    "eeg": 0.0003
  },
  "sub-23_ses-1": {
    "eeg": 0.0006522605584556842
  },
  "sub-23_ses-2": {
    "eeg": 0.0006791038286402861
  },
  "sub-24_ses-1": {
    "eeg": 0.0003
  },
  "sub-24_ses-2": {
    "eeg": 0.0003
  },
  "sub-25_ses-1": {
    "eeg": 0.0003
  },
  "sub-25_ses-2": {
    "eeg": 0.0003
  },
  "sub-26_ses-1": {
    "eeg": 0.0003
  },
  "sub-26_ses-2": {
    "eeg": 0.0003
  },
  "sub-27_ses-1": {
    "eeg": 0.0003
  },
  "sub-27_ses-2": {
    "eeg": 0.0003
  },
  "sub-28_ses-1": {
    "eeg": 0.0003
  },
  "sub-28_ses-2": {
    "eeg": 0.0003
  },
  "sub-29_ses-1": {
    "eeg": 0.000416932828372904
  },
  "sub-29_ses-2": {
    "eeg": 0.0003
  },
  "sub-30_ses-1": {
    "eeg": 0.0003
  },
  "sub-30_ses-2": {
    "eeg": 0.0003
  }
}